tota110,Summation,Coordination,Batching,
1347.1428571429,1290,37.1428571429,20, 
1490,1250,240,0, 
